Страница,Ссылка
1,http://www.bookcity.kz/pr-1348920
1,http://www.bookcity.kz/pr-1325928
1,http://www.bookcity.kz/pr-1464687
1,http://www.bookcity.kz/pr-1401047
1,http://www.bookcity.kz/pr-1456950
1,http://www.bookcity.kz/pr-1464017
1,http://www.bookcity.kz/pr-1456949
1,http://www.bookcity.kz/pr-1329830
1,http://www.bookcity.kz/pr-1330549
1,http://www.bookcity.kz/pr-1335703
1,http://www.bookcity.kz/pr-1323921
1,http://www.bookcity.kz/pr-1456489
1,http://www.bookcity.kz/pr-1354751
1,http://www.bookcity.kz/pr-1368506
1,http://www.bookcity.kz/pr-1449048
1,http://www.bookcity.kz/pr-1454728
1,http://www.bookcity.kz/pr-1459900
1,http://www.bookcity.kz/pr-1454873
1,http://www.bookcity.kz/pr-1460082
1,http://www.bookcity.kz/pr-1445200
2,http://www.bookcity.kz/pr-1334600
2,http://www.bookcity.kz/pr-1451093
2,http://www.bookcity.kz/pr-1339888
2,http://www.bookcity.kz/pr-1455694
2,http://www.bookcity.kz/pr-1340403
2,http://www.bookcity.kz/pr-1455751
2,http://www.bookcity.kz/pr-1448598
2,http://www.bookcity.kz/pr-1437203
2,http://www.bookcity.kz/pr-1336057
2,http://www.bookcity.kz/pr-1361520
2,http://www.bookcity.kz/pr-1356747
2,http://www.bookcity.kz/pr-1464037
2,http://www.bookcity.kz/pr-1340652
2,http://www.bookcity.kz/pr-1337582
2,http://www.bookcity.kz/pr-1329611
2,http://www.bookcity.kz/pr-1454729
2,http://www.bookcity.kz/pr-1335614
2,http://www.bookcity.kz/pr-1341834
2,http://www.bookcity.kz/pr-1414924
2,http://www.bookcity.kz/pr-1340946
3,http://www.bookcity.kz/pr-1340528
3,http://www.bookcity.kz/pr-1459404
3,http://www.bookcity.kz/pr-1430978
3,http://www.bookcity.kz/pr-1462504
3,http://www.bookcity.kz/pr-1439304
3,http://www.bookcity.kz/pr-1464686
3,http://www.bookcity.kz/pr-1389523
3,http://www.bookcity.kz/pr-1333834
3,http://www.bookcity.kz/pr-1420331
3,http://www.bookcity.kz/pr-1335571
3,http://www.bookcity.kz/pr-1465584
3,http://www.bookcity.kz/pr-1341593
3,http://www.bookcity.kz/pr-1448568
3,http://www.bookcity.kz/pr-1333010
3,http://www.bookcity.kz/pr-1361183
3,http://www.bookcity.kz/pr-1455781
3,http://www.bookcity.kz/pr-1353368
3,http://www.bookcity.kz/pr-1440410
3,http://www.bookcity.kz/pr-1448520
3,http://www.bookcity.kz/pr-1457163
4,http://www.bookcity.kz/pr-1454740
4,http://www.bookcity.kz/pr-1345848
4,http://www.bookcity.kz/pr-1420340
4,http://www.bookcity.kz/pr-1463672
4,http://www.bookcity.kz/pr-1443177
4,http://www.bookcity.kz/pr-1461378
4,http://www.bookcity.kz/pr-1327786
4,http://www.bookcity.kz/pr-1443501
4,http://www.bookcity.kz/pr-1442903
4,http://www.bookcity.kz/pr-1350456
4,http://www.bookcity.kz/pr-1388395
4,http://www.bookcity.kz/pr-1452041
4,http://www.bookcity.kz/pr-1454874
4,http://www.bookcity.kz/pr-1404580
4,http://www.bookcity.kz/pr-1426945
4,http://www.bookcity.kz/pr-1456538
4,http://www.bookcity.kz/pr-1345166
4,http://www.bookcity.kz/pr-1361971
4,http://www.bookcity.kz/pr-1459465
4,http://www.bookcity.kz/pr-1454733
5,http://www.bookcity.kz/pr-1463013
5,http://www.bookcity.kz/pr-1355966
5,http://www.bookcity.kz/pr-1461623
5,http://www.bookcity.kz/pr-1361860
5,http://www.bookcity.kz/pr-1386177
5,http://www.bookcity.kz/pr-1418702
5,http://www.bookcity.kz/pr-1454734
5,http://www.bookcity.kz/pr-1333062
5,http://www.bookcity.kz/pr-1339772
5,http://www.bookcity.kz/pr-1389522
5,http://www.bookcity.kz/pr-1430133
5,http://www.bookcity.kz/pr-1351146
5,http://www.bookcity.kz/pr-1428268
5,http://www.bookcity.kz/pr-1461442
5,http://www.bookcity.kz/pr-1339577
5,http://www.bookcity.kz/pr-1388769
5,http://www.bookcity.kz/pr-1345874
5,http://www.bookcity.kz/pr-1340597
5,http://www.bookcity.kz/pr-1454423
5,http://www.bookcity.kz/pr-1457890
6,http://www.bookcity.kz/pr-1359736
6,http://www.bookcity.kz/pr-1459223
6,http://www.bookcity.kz/pr-1340563
6,http://www.bookcity.kz/pr-1361499
6,http://www.bookcity.kz/pr-1343426
6,http://www.bookcity.kz/pr-1362859
6,http://www.bookcity.kz/pr-1339691
6,http://www.bookcity.kz/pr-1465028
6,http://www.bookcity.kz/pr-1462890
6,http://www.bookcity.kz/pr-1447545
6,http://www.bookcity.kz/pr-1363282
6,http://www.bookcity.kz/pr-1462368
6,http://www.bookcity.kz/pr-1448285
6,http://www.bookcity.kz/pr-1448278
6,http://www.bookcity.kz/pr-1421051
6,http://www.bookcity.kz/pr-1438372
6,http://www.bookcity.kz/pr-1365313
6,http://www.bookcity.kz/pr-1367631
6,http://www.bookcity.kz/pr-1365427
6,http://www.bookcity.kz/pr-1366525
7,http://www.bookcity.kz/pr-1430976
7,http://www.bookcity.kz/pr-1329048
7,http://www.bookcity.kz/pr-1438236
7,http://www.bookcity.kz/pr-1388417
7,http://www.bookcity.kz/pr-1445230
7,http://www.bookcity.kz/pr-1332859
7,http://www.bookcity.kz/pr-1351128
7,http://www.bookcity.kz/pr-1340451
7,http://www.bookcity.kz/pr-1365004
7,http://www.bookcity.kz/pr-1465043
7,http://www.bookcity.kz/pr-1452723
7,http://www.bookcity.kz/pr-1455704
7,http://www.bookcity.kz/pr-1464335
7,http://www.bookcity.kz/pr-1443086
7,http://www.bookcity.kz/pr-1443100
7,http://www.bookcity.kz/pr-1332695
7,http://www.bookcity.kz/pr-1358471
7,http://www.bookcity.kz/pr-1415842
7,http://www.bookcity.kz/pr-1438069
7,http://www.bookcity.kz/pr-1452246
8,http://www.bookcity.kz/pr-1451265
8,http://www.bookcity.kz/pr-1411178
8,http://www.bookcity.kz/pr-1457546
8,http://www.bookcity.kz/pr-1345902
8,http://www.bookcity.kz/pr-1327484
8,http://www.bookcity.kz/pr-1327206
8,http://www.bookcity.kz/pr-1459103
8,http://www.bookcity.kz/pr-1392908
8,http://www.bookcity.kz/pr-1369039
8,http://www.bookcity.kz/pr-1447855
8,http://www.bookcity.kz/pr-1436893
8,http://www.bookcity.kz/pr-1431589
8,http://www.bookcity.kz/pr-1387986
8,http://www.bookcity.kz/pr-1448646
8,http://www.bookcity.kz/pr-1388492
8,http://www.bookcity.kz/pr-1386777
8,http://www.bookcity.kz/pr-1430885
8,http://www.bookcity.kz/pr-1462044
8,http://www.bookcity.kz/pr-1461665
8,http://www.bookcity.kz/pr-1461611
9,http://www.bookcity.kz/pr-1440546
9,http://www.bookcity.kz/pr-1433596
9,http://www.bookcity.kz/pr-1383075
9,http://www.bookcity.kz/pr-1427974
9,http://www.bookcity.kz/pr-1387761
9,http://www.bookcity.kz/pr-1335994
9,http://www.bookcity.kz/pr-1454810
9,http://www.bookcity.kz/pr-1332582
9,http://www.bookcity.kz/pr-1358175
9,http://www.bookcity.kz/pr-1329831
9,http://www.bookcity.kz/pr-1335814
9,http://www.bookcity.kz/pr-1359935
9,http://www.bookcity.kz/pr-1455016
9,http://www.bookcity.kz/pr-1338371
9,http://www.bookcity.kz/pr-1336019
9,http://www.bookcity.kz/pr-1465474
9,http://www.bookcity.kz/pr-1456838
9,http://www.bookcity.kz/pr-1465458
9,http://www.bookcity.kz/pr-1351688
9,http://www.bookcity.kz/pr-1330628
10,http://www.bookcity.kz/pr-1415197
10,http://www.bookcity.kz/pr-1344761
10,http://www.bookcity.kz/pr-1433200
10,http://www.bookcity.kz/pr-1392712
10,http://www.bookcity.kz/pr-1347224
10,http://www.bookcity.kz/pr-1449133
10,http://www.bookcity.kz/pr-1436359
10,http://www.bookcity.kz/pr-1448419
10,http://www.bookcity.kz/pr-1360681
10,http://www.bookcity.kz/pr-1369034
10,http://www.bookcity.kz/pr-1444669
10,http://www.bookcity.kz/pr-1422544
10,http://www.bookcity.kz/pr-1464020
10,http://www.bookcity.kz/pr-1326340
10,http://www.bookcity.kz/pr-1421152
10,http://www.bookcity.kz/pr-1425888
10,http://www.bookcity.kz/pr-1412413
10,http://www.bookcity.kz/pr-1365314
10,http://www.bookcity.kz/pr-1327067
10,http://www.bookcity.kz/pr-1409777
11,http://www.bookcity.kz/pr-1463554
11,http://www.bookcity.kz/pr-1350272
11,http://www.bookcity.kz/pr-1348544
11,http://www.bookcity.kz/pr-1359780
11,http://www.bookcity.kz/pr-1459902
11,http://www.bookcity.kz/pr-1324059
11,http://www.bookcity.kz/pr-1340385
11,http://www.bookcity.kz/pr-1351894
11,http://www.bookcity.kz/pr-1456060
11,http://www.bookcity.kz/pr-1431809
11,http://www.bookcity.kz/pr-1327708
11,http://www.bookcity.kz/pr-1334162
11,http://www.bookcity.kz/pr-1355837
11,http://www.bookcity.kz/pr-1331757
11,http://www.bookcity.kz/pr-1370143
11,http://www.bookcity.kz/pr-1368819
11,http://www.bookcity.kz/pr-1368766
11,http://www.bookcity.kz/pr-1338402
11,http://www.bookcity.kz/pr-1336225
11,http://www.bookcity.kz/pr-1329843
12,http://www.bookcity.kz/pr-1455759
12,http://www.bookcity.kz/pr-1450134
12,http://www.bookcity.kz/pr-1450110
12,http://www.bookcity.kz/pr-1358726
12,http://www.bookcity.kz/pr-1424228
12,http://www.bookcity.kz/pr-1353090
12,http://www.bookcity.kz/pr-1462043
12,http://www.bookcity.kz/pr-1460457
12,http://www.bookcity.kz/pr-1430979
12,http://www.bookcity.kz/pr-1444006
12,http://www.bookcity.kz/pr-1403897
12,http://www.bookcity.kz/pr-1330639
12,http://www.bookcity.kz/pr-1333437
12,http://www.bookcity.kz/pr-1434963
12,http://www.bookcity.kz/pr-1351674
12,http://www.bookcity.kz/pr-1331686
12,http://www.bookcity.kz/pr-1325221
12,http://www.bookcity.kz/pr-1398315
12,http://www.bookcity.kz/pr-1464014
12,http://www.bookcity.kz/pr-1453304
13,http://www.bookcity.kz/pr-1325963
13,http://www.bookcity.kz/pr-1455782
13,http://www.bookcity.kz/pr-1351101
13,http://www.bookcity.kz/pr-1348694
13,http://www.bookcity.kz/pr-1352287
13,http://www.bookcity.kz/pr-1455096
13,http://www.bookcity.kz/pr-1455740
13,http://www.bookcity.kz/pr-1334183
13,http://www.bookcity.kz/pr-1463804
13,http://www.bookcity.kz/pr-1359751
13,http://www.bookcity.kz/pr-1437958
13,http://www.bookcity.kz/pr-1413080
13,http://www.bookcity.kz/pr-1385940
13,http://www.bookcity.kz/pr-1459480
13,http://www.bookcity.kz/pr-1401221
13,http://www.bookcity.kz/pr-1401222
13,http://www.bookcity.kz/pr-1401228
13,http://www.bookcity.kz/pr-1455447
13,http://www.bookcity.kz/pr-1465040
13,http://www.bookcity.kz/pr-1448537
14,http://www.bookcity.kz/pr-1355946
14,http://www.bookcity.kz/pr-1454852
14,http://www.bookcity.kz/pr-1447870
14,http://www.bookcity.kz/pr-1430981
14,http://www.bookcity.kz/pr-1448629
14,http://www.bookcity.kz/pr-1462693
14,http://www.bookcity.kz/pr-1465489
14,http://www.bookcity.kz/pr-1428142
14,http://www.bookcity.kz/pr-1465476
14,http://www.bookcity.kz/pr-1428141
14,http://www.bookcity.kz/pr-1462822
14,http://www.bookcity.kz/pr-1417383
14,http://www.bookcity.kz/pr-1417384
14,http://www.bookcity.kz/pr-1417382
14,http://www.bookcity.kz/pr-1436892
14,http://www.bookcity.kz/pr-1459045
14,http://www.bookcity.kz/pr-1437922
14,http://www.bookcity.kz/pr-1438657
14,http://www.bookcity.kz/pr-1461872
14,http://www.bookcity.kz/pr-1461965
15,http://www.bookcity.kz/pr-1408350
15,http://www.bookcity.kz/pr-1458376
15,http://www.bookcity.kz/pr-1464318
15,http://www.bookcity.kz/pr-1370238
15,http://www.bookcity.kz/pr-1415123
15,http://www.bookcity.kz/pr-1334035
15,http://www.bookcity.kz/pr-1439009
15,http://www.bookcity.kz/pr-1361579
15,http://www.bookcity.kz/pr-1365395
15,http://www.bookcity.kz/pr-1339424
15,http://www.bookcity.kz/pr-1367379
15,http://www.bookcity.kz/pr-1330131
15,http://www.bookcity.kz/pr-1329214
15,http://www.bookcity.kz/pr-1361121
15,http://www.bookcity.kz/pr-1351854
15,http://www.bookcity.kz/pr-1449403
15,http://www.bookcity.kz/pr-1344950
15,http://www.bookcity.kz/pr-1370141
15,http://www.bookcity.kz/pr-1430977
15,http://www.bookcity.kz/pr-1411368
16,http://www.bookcity.kz/pr-1452317
16,http://www.bookcity.kz/pr-1365375
16,http://www.bookcity.kz/pr-1465461
16,http://www.bookcity.kz/pr-1457457
16,http://www.bookcity.kz/pr-1340362
16,http://www.bookcity.kz/pr-1445280
16,http://www.bookcity.kz/pr-1402218
16,http://www.bookcity.kz/pr-1465027
16,http://www.bookcity.kz/pr-1340382
16,http://www.bookcity.kz/pr-1329428
16,http://www.bookcity.kz/pr-1339637
16,http://www.bookcity.kz/pr-1351851
16,http://www.bookcity.kz/pr-1365306
16,http://www.bookcity.kz/pr-1464263
16,http://www.bookcity.kz/pr-1336251
16,http://www.bookcity.kz/pr-1348815
16,http://www.bookcity.kz/pr-1359633
16,http://www.bookcity.kz/pr-1341257
16,http://www.bookcity.kz/pr-1452765
16,http://www.bookcity.kz/pr-1443708
17,http://www.bookcity.kz/pr-1454417
17,http://www.bookcity.kz/pr-1450742
17,http://www.bookcity.kz/pr-1415903
17,http://www.bookcity.kz/pr-1456749
17,http://www.bookcity.kz/pr-1456716
17,http://www.bookcity.kz/pr-1339973
17,http://www.bookcity.kz/pr-1352733
17,http://www.bookcity.kz/pr-1356704
17,http://www.bookcity.kz/pr-1426832
17,http://www.bookcity.kz/pr-1462352
17,http://www.bookcity.kz/pr-1337055
17,http://www.bookcity.kz/pr-1335424
17,http://www.bookcity.kz/pr-1447901
17,http://www.bookcity.kz/pr-1394050
17,http://www.bookcity.kz/pr-1346790
17,http://www.bookcity.kz/pr-1430980
17,http://www.bookcity.kz/pr-1438054
17,http://www.bookcity.kz/pr-1456076
17,http://www.bookcity.kz/pr-1437293
17,http://www.bookcity.kz/pr-1350227
18,http://www.bookcity.kz/pr-1350535
18,http://www.bookcity.kz/pr-1385822
18,http://www.bookcity.kz/pr-1436701
18,http://www.bookcity.kz/pr-1447955
18,http://www.bookcity.kz/pr-1448068
18,http://www.bookcity.kz/pr-1458872
18,http://www.bookcity.kz/pr-1333180
18,http://www.bookcity.kz/pr-1353082
18,http://www.bookcity.kz/pr-1367015
18,http://www.bookcity.kz/pr-1418705
18,http://www.bookcity.kz/pr-1455717
18,http://www.bookcity.kz/pr-1438424
18,http://www.bookcity.kz/pr-1339971
18,http://www.bookcity.kz/pr-1453036
18,http://www.bookcity.kz/pr-1338961
18,http://www.bookcity.kz/pr-1333844
18,http://www.bookcity.kz/pr-1362152
18,http://www.bookcity.kz/pr-1459394
18,http://www.bookcity.kz/pr-1459391
18,http://www.bookcity.kz/pr-1436547
19,http://www.bookcity.kz/pr-1419958
19,http://www.bookcity.kz/pr-1438456
19,http://www.bookcity.kz/pr-1455537
19,http://www.bookcity.kz/pr-1455536
19,http://www.bookcity.kz/pr-1455535
19,http://www.bookcity.kz/pr-1333842
19,http://www.bookcity.kz/pr-1448647
19,http://www.bookcity.kz/pr-1455718
19,http://www.bookcity.kz/pr-1448514
19,http://www.bookcity.kz/pr-1455744
19,http://www.bookcity.kz/pr-1451675
19,http://www.bookcity.kz/pr-1351532
19,http://www.bookcity.kz/pr-1461562
19,http://www.bookcity.kz/pr-1390878
19,http://www.bookcity.kz/pr-1335165
19,http://www.bookcity.kz/pr-1386750
19,http://www.bookcity.kz/pr-1356338
